company,weekday,hour,avg_trips
All,1,0,18110.0
All,1,1,10976.0
All,1,2,7457.0
All,1,3,6435.0
All,1,4,8604.0
All,1,5,12557.0
All,1,6,20346.0
All,1,7,30658.0
All,1,8,37870.0
All,1,9,32794.0
All,1,10,27769.0
All,1,11,26063.0
All,1,12,26349.0
All,1,13,27425.0
All,1,14,30079.0
All,1,15,30805.0
All,1,16,31605.0
All,1,17,34685.0
All,1,18,34563.0
All,1,19,31532.0
All,1,20,29977.0
All,1,21,28718.0
All,1,22,26411.0
All,1,23,21941.0
All,2,0,15273.0
All,2,1,8807.0
All,2,2,5825.0
All,2,3,5176.0
All,2,4,7654.0
All,2,5,12191.0
All,2,6,21112.0
All,2,7,33171.0
All,2,8,40905.0
All,2,9,35421.0
All,2,10,29167.0
All,2,11,27129.0
All,2,12,26994.0
All,2,13,28437.0
All,2,14,31629.0
All,2,15,32330.0
All,2,16,33401.0
All,2,17,37362.0
All,2,18,37942.0
All,2,19,35013.0
All,2,20,33658.0
All,2,21,32986.0
All,2,22,30816.0
All,2,23,24933.0
All,3,0,17119.0
All,3,1,10054.0
All,3,2,6653.0
All,3,3,5782.0
All,3,4,8066.0
All,3,5,12495.0
All,3,6,21561.0
All,3,7,33958.0
All,3,8,42003.0
All,3,9,36567.0
All,3,10,30175.0
All,3,11,28203.0
All,3,12,28432.0
All,3,13,29499.0
All,3,14,32437.0
All,3,15,33229.0
All,3,16,34429.0
All,3,17,38679.0
All,3,18,39862.0
All,3,19,38261.0
All,3,20,36806.0
All,3,21,36214.0
All,3,22,34460.0
All,3,23,28499.0
All,4,0,20405.0
All,4,1,12631.0
All,4,2,8821.0
All,4,3,7579.0
All,4,4,9511.0
All,4,5,13453.0
All,4,6,22067.0
All,4,7,33922.0
All,4,8,41702.0
All,4,9,36612.0
All,4,10,30867.0
All,4,11,29377.0
All,4,12,29735.0
All,4,13,31214.0
All,4,14,34271.0
All,4,15,35116.0
All,4,16,36632.0
All,4,17,40821.0
All,4,18,42061.0
All,4,19,40746.0
All,4,20,38866.0
All,4,21,38078.0
All,4,22,37372.0
All,4,23,32641.0
All,5,0,24278.0
All,5,1,15581.0
All,5,2,10440.0
All,5,3,8558.0
All,5,4,10239.0
All,5,5,13637.0
All,5,6,21648.0
All,5,7,32863.0
All,5,8,39966.0
All,5,9,35377.0
All,5,10,31251.0
All,5,11,30387.0
All,5,12,31319.0
All,5,13,32720.0
All,5,14,35942.0
All,5,15,36571.0
All,5,16,38290.0
All,5,17,42565.0
All,5,18,45824.0
All,5,19,46654.0
All,5,20,43249.0
All,5,21,41971.0
All,5,22,44409.0
All,5,23,43245.0
All,6,0,37440.0
All,6,1,29707.0
All,6,2,22957.0
All,6,3,17692.0
All,6,4,14812.0
All,6,5,12633.0
All,6,6,15569.0
All,6,7,19473.0
All,6,8,24212.0
All,6,9,29155.0
All,6,10,32097.0
All,6,11,34171.0
All,6,12,35497.0
All,6,13,36575.0
All,6,14,37851.0
All,6,15,39541.0
All,6,16,40978.0
All,6,17,43597.0
All,6,18,46439.0
All,6,19,48037.0
All,6,20,46380.0
All,6,21,45356.0
All,6,22,47218.0
All,6,23,46384.0
All,7,0,41544.0
All,7,1,34173.0
All,7,2,25448.0
All,7,3,20121.0
All,7,4,16370.0
All,7,5,12953.0
All,7,6,14731.0
All,7,7,17722.0
All,7,8,20447.0
All,7,9,25632.0
All,7,10,30424.0
All,7,11,32016.0
All,7,12,32655.0
All,7,13,33064.0
All,7,14,34326.0
All,7,15,34621.0
All,7,16,34437.0
All,7,17,34869.0
All,7,18,35246.0
All,7,19,33544.0
All,7,20,32021.0
All,7,21,31139.0
All,7,22,29428.0
All,7,23,25292.0
Lyft,1,0,5653.0
Lyft,1,1,3488.0
Lyft,1,2,2365.0
Lyft,1,3,1961.0
Lyft,1,4,2655.0
Lyft,1,5,3588.0
Lyft,1,6,5763.0
Lyft,1,7,8283.0
Lyft,1,8,9989.0
Lyft,1,9,8941.0
Lyft,1,10,7784.0
Lyft,1,11,7201.0
Lyft,1,12,7167.0
Lyft,1,13,7363.0
Lyft,1,14,8150.0
Lyft,1,15,8121.0
Lyft,1,16,8192.0
Lyft,1,17,9085.0
Lyft,1,18,9096.0
Lyft,1,19,8486.0
Lyft,1,20,7807.0
Lyft,1,21,7449.0
Lyft,1,22,7028.0
Lyft,1,23,5853.0
Lyft,2,0,4392.0
Lyft,2,1,2567.0
Lyft,2,2,1689.0
Lyft,2,3,1538.0
Lyft,2,4,2381.0
Lyft,2,5,3541.0
Lyft,2,6,6089.0
Lyft,2,7,9249.0
Lyft,2,8,11203.0
Lyft,2,9,9836.0
Lyft,2,10,8284.0
Lyft,2,11,7564.0
Lyft,2,12,7457.0
Lyft,2,13,7660.0
Lyft,2,14,8496.0
Lyft,2,15,8618.0
Lyft,2,16,8893.0
Lyft,2,17,10035.0
Lyft,2,18,10162.0
Lyft,2,19,9557.0
Lyft,2,20,8940.0
Lyft,2,21,8866.0
Lyft,2,22,8505.0
Lyft,2,23,6868.0
Lyft,3,0,4897.0
Lyft,3,1,2909.0
Lyft,3,2,1899.0
Lyft,3,3,1716.0
Lyft,3,4,2536.0
Lyft,3,5,3683.0
Lyft,3,6,6282.0
Lyft,3,7,9434.0
Lyft,3,8,11489.0
Lyft,3,9,10267.0
Lyft,3,10,8529.0
Lyft,3,11,7820.0
Lyft,3,12,7800.0
Lyft,3,13,7975.0
Lyft,3,14,8759.0
Lyft,3,15,8785.0
Lyft,3,16,9035.0
Lyft,3,17,10304.0
Lyft,3,18,10503.0
Lyft,3,19,10202.0
Lyft,3,20,9778.0
Lyft,3,21,9612.0
Lyft,3,22,9332.0
Lyft,3,23,7698.0
Lyft,4,0,5697.0
Lyft,4,1,3565.0
Lyft,4,2,2496.0
Lyft,4,3,2202.0
Lyft,4,4,2968.0
Lyft,4,5,3940.0
Lyft,4,6,6371.0
Lyft,4,7,9295.0
Lyft,4,8,11325.0
Lyft,4,9,10307.0
Lyft,4,10,8784.0
Lyft,4,11,8195.0
Lyft,4,12,8255.0
Lyft,4,13,8535.0
Lyft,4,14,9289.0
Lyft,4,15,9348.0
Lyft,4,16,9627.0
Lyft,4,17,10759.0
Lyft,4,18,11168.0
Lyft,4,19,11084.0
Lyft,4,20,10415.0
Lyft,4,21,10312.0
Lyft,4,22,10423.0
Lyft,4,23,9118.0
Lyft,5,0,7116.0
Lyft,5,1,4624.0
Lyft,5,2,3109.0
Lyft,5,3,2558.0
Lyft,5,4,3227.0
Lyft,5,5,4018.0
Lyft,5,6,6254.0
Lyft,5,7,9099.0
Lyft,5,8,11132.0
Lyft,5,9,10125.0
Lyft,5,10,8884.0
Lyft,5,11,8479.0
Lyft,5,12,8658.0
Lyft,5,13,8834.0
Lyft,5,14,9671.0
Lyft,5,15,9830.0
Lyft,5,16,10559.0
Lyft,5,17,11906.0
Lyft,5,18,12820.0
Lyft,5,19,13213.0
Lyft,5,20,12070.0
Lyft,5,21,11980.0
Lyft,5,22,13087.0
Lyft,5,23,12791.0
Lyft,6,0,11511.0
Lyft,6,1,9401.0
Lyft,6,2,7321.0
Lyft,6,3,5573.0
Lyft,6,4,4787.0
Lyft,6,5,3912.0
Lyft,6,6,4627.0
Lyft,6,7,5662.0
Lyft,6,8,6918.0
Lyft,6,9,8194.0
Lyft,6,10,8872.0
Lyft,6,11,9372.0
Lyft,6,12,9594.0
Lyft,6,13,9787.0
Lyft,6,14,10123.0
Lyft,6,15,10483.0
Lyft,6,16,10891.0
Lyft,6,17,12160.0
Lyft,6,18,13091.0
Lyft,6,19,13508.0
Lyft,6,20,12682.0
Lyft,6,21,12684.0
Lyft,6,22,13463.0
Lyft,6,23,13045.0
Lyft,7,0,11912.0
Lyft,7,1,10398.0
Lyft,7,2,7913.0
Lyft,7,3,6275.0
Lyft,7,4,5212.0
Lyft,7,5,3942.0
Lyft,7,6,4288.0
Lyft,7,7,5075.0
Lyft,7,8,5767.0
Lyft,7,9,7114.0
Lyft,7,10,8344.0
Lyft,7,11,8831.0
Lyft,7,12,8994.0
Lyft,7,13,8950.0
Lyft,7,14,9250.0
Lyft,7,15,9348.0
Lyft,7,16,9259.0
Lyft,7,17,9683.0
Lyft,7,18,9962.0
Lyft,7,19,9731.0
Lyft,7,20,9061.0
Lyft,7,21,8919.0
Lyft,7,22,8633.0
Lyft,7,23,7474.0
Uber,1,0,12458.0
Uber,1,1,7489.0
Uber,1,2,5093.0
Uber,1,3,4473.0
Uber,1,4,5949.0
Uber,1,5,8968.0
Uber,1,6,14583.0
Uber,1,7,22375.0
Uber,1,8,27881.0
Uber,1,9,23853.0
Uber,1,10,19985.0
Uber,1,11,18863.0
Uber,1,12,19182.0
Uber,1,13,20062.0
Uber,1,14,21929.0
Uber,1,15,22683.0
Uber,1,16,23414.0
Uber,1,17,25600.0
Uber,1,18,25466.0
Uber,1,19,23045.0
Uber,1,20,22170.0
Uber,1,21,21268.0
Uber,1,22,19383.0
Uber,1,23,16088.0
Uber,2,0,10881.0
Uber,2,1,6240.0
Uber,2,2,4136.0
Uber,2,3,3638.0
Uber,2,4,5272.0
Uber,2,5,8650.0
Uber,2,6,15023.0
Uber,2,7,23923.0
Uber,2,8,29703.0
Uber,2,9,25585.0
Uber,2,10,20883.0
Uber,2,11,19565.0
Uber,2,12,19537.0
Uber,2,13,20778.0
Uber,2,14,23134.0
Uber,2,15,23713.0
Uber,2,16,24508.0
Uber,2,17,27327.0
Uber,2,18,27780.0
Uber,2,19,25457.0
Uber,2,20,24718.0
Uber,2,21,24121.0
Uber,2,22,22312.0
Uber,2,23,18065.0
Uber,3,0,12221.0
Uber,3,1,7145.0
Uber,3,2,4755.0
Uber,3,3,4066.0
Uber,3,4,5530.0
Uber,3,5,8812.0
Uber,3,6,15280.0
Uber,3,7,24524.0
Uber,3,8,30514.0
Uber,3,9,26300.0
Uber,3,10,21645.0
Uber,3,11,20382.0
Uber,3,12,20633.0
Uber,3,13,21524.0
Uber,3,14,23678.0
Uber,3,15,24444.0
Uber,3,16,25394.0
Uber,3,17,28375.0
Uber,3,18,29359.0
Uber,3,19,28059.0
Uber,3,20,27028.0
Uber,3,21,26602.0
Uber,3,22,25127.0
Uber,3,23,20801.0
Uber,4,0,14708.0
Uber,4,1,9066.0
Uber,4,2,6325.0
Uber,4,3,5377.0
Uber,4,4,6543.0
Uber,4,5,9513.0
Uber,4,6,15696.0
Uber,4,7,24627.0
Uber,4,8,30377.0
Uber,4,9,26305.0
Uber,4,10,22083.0
Uber,4,11,21183.0
Uber,4,12,21481.0
Uber,4,13,22679.0
Uber,4,14,24983.0
Uber,4,15,25768.0
Uber,4,16,27006.0
Uber,4,17,30062.0
Uber,4,18,30893.0
Uber,4,19,29662.0
Uber,4,20,28451.0
Uber,4,21,27766.0
Uber,4,22,26949.0
Uber,4,23,23523.0
Uber,5,0,17161.0
Uber,5,1,10957.0
Uber,5,2,7331.0
Uber,5,3,6000.0
Uber,5,4,7012.0
Uber,5,5,9620.0
Uber,5,6,15394.0
Uber,5,7,23764.0
Uber,5,8,28834.0
Uber,5,9,25253.0
Uber,5,10,22367.0
Uber,5,11,21908.0
Uber,5,12,22660.0
Uber,5,13,23886.0
Uber,5,14,26271.0
Uber,5,15,26741.0
Uber,5,16,27731.0
Uber,5,17,30659.0
Uber,5,18,33004.0
Uber,5,19,33441.0
Uber,5,20,31178.0
Uber,5,21,29991.0
Uber,5,22,31322.0
Uber,5,23,30454.0
Uber,6,0,25930.0
Uber,6,1,20306.0
Uber,6,2,15636.0
Uber,6,3,12118.0
Uber,6,4,10025.0
Uber,6,5,8721.0
Uber,6,6,10942.0
Uber,6,7,13811.0
Uber,6,8,17294.0
Uber,6,9,20961.0
Uber,6,10,23225.0
Uber,6,11,24799.0
Uber,6,12,25903.0
Uber,6,13,26788.0
Uber,6,14,27728.0
Uber,6,15,29058.0
Uber,6,16,30087.0
Uber,6,17,31437.0
Uber,6,18,33348.0
Uber,6,19,34529.0
Uber,6,20,33698.0
Uber,6,21,32672.0
Uber,6,22,33755.0
Uber,6,23,33339.0
Uber,7,0,29632.0
Uber,7,1,23775.0
Uber,7,2,17535.0
Uber,7,3,13846.0
Uber,7,4,11158.0
Uber,7,5,9011.0
Uber,7,6,10443.0
Uber,7,7,12647.0
Uber,7,8,14680.0
Uber,7,9,18519.0
Uber,7,10,22081.0
Uber,7,11,23184.0
Uber,7,12,23660.0
Uber,7,13,24114.0
Uber,7,14,25076.0
Uber,7,15,25273.0
Uber,7,16,25179.0
Uber,7,17,25186.0
Uber,7,18,25284.0
Uber,7,19,23813.0
Uber,7,20,22960.0
Uber,7,21,22221.0
Uber,7,22,20795.0
Uber,7,23,17819.0
