month,company,days,trips,wait_trips,wait_median_min,wait_p90_min
2025-09,All,30,19434641,19186116,4.03,8.35
2025-09,Lyft,30,5387601,5286831,4.17,8.12
2025-09,Uber,30,14047040,13899285,3.98,8.45
2025-10,All,31,21308701,21044851,4.02,8.55
2025-10,Lyft,31,5838529,5730580,4.07,8.05
2025-10,Uber,31,15470172,15314271,4.0,8.75
2025-11,All,30,20818240,20561465,3.88,8.3
2025-11,Lyft,30,5909784,5807923,3.95,7.7
2025-11,Uber,30,14908456,14753542,3.85,8.57
2025-12,All,31,22108438,21816808,4.32,9.55
2025-12,Lyft,31,6134710,6036098,4.33,8.73
2025-12,Uber,31,15973728,15780710,4.32,9.88
2026-01,All,31,20940373,20670449,4.17,9.75
2026-01,Lyft,31,5694742,5600556,4.1,8.68
2026-01,Uber,31,15245631,15069893,4.2,10.1
2026-02,All,28,19875686,19593842,4.57,10.3
2026-02,Lyft,28,5708725,5619072,4.53,9.15
2026-02,Uber,28,14166961,13974770,4.58,10.8
2026-03,All,31,22058358,21759848,4.42,10.18
2026-03,Lyft,31,6102183,6003031,4.25,8.57
2026-03,Uber,31,15956175,15756817,4.5,10.78
2026-04,All,30,20995953,20726296,4.03,9.3
2026-04,Lyft,30,5617095,5519585,3.87,7.48
2026-04,Uber,30,15378858,15206711,4.12,9.95
2026-05,All,31,22125744,21849243,4.48,9.9
2026-05,Lyft,31,6770928,6682644,4.65,8.83
2026-05,Uber,31,15354816,15166599,4.4,10.43
2026-06,All,30,20775868,20514002,4.77,10.75
2026-06,Lyft,30,5518128,5442311,4.82,9.25
2026-06,Uber,30,15257740,15071691,4.73,11.33
2026-07,All,31,20921249,20673551,4.45,10.02
2026-07,Lyft,31,5705875,5631192,4.58,8.8
2026-07,Uber,31,15215374,15042359,4.4,10.5
2026-08,All,31,20493480,20258338,4.4,10.08
2026-08,Lyft,31,5693422,5624480,4.5,8.75
2026-08,Uber,31,14800058,14633858,4.35,10.6
